{
  "configuration": {
    "model": "arabert",
    "dataset": "ajgt",
    "epochs": 200,
    "patience": 10,
    "batch_size": 64,
    "learning_rate": 2e-05,
    "max_sequence_length": 512,
    "freeze_layers": true
  },
  "hardware_usage": {
    "initial_memory": {
      "ram_used_gb": 0.8728866577148438,
      "ram_percent": 9.7,
      "vram_used_gb": 0.5046248435974121,
      "vram_total_gb": 31.7325439453125,
      "vram_percent": 1.5902438974545396
    },
    "final_memory": {
      "ram_used_gb": 1.1913414001464844,
      "ram_percent": 10.7,
      "vram_used_gb": 0.5205001831054688,
      "vram_total_gb": 31.7325439453125,
      "vram_percent": 1.640272472331537
    }
  },
  "results": {
    "arabert": {
      "macro_f1": 0.5801189464740866,
      "avg_eval_loss": 0.6759376923243204,
      "perplexity": 1.9658754983406628
    }
  }
}