{
  "configuration": {
    "model": "mbert",
    "dataset": "hard",
    "epochs": 200,
    "patience": 10,
    "batch_size": 64,
    "learning_rate": 2e-05,
    "max_sequence_length": 512,
    "freeze_layers": true
  },
  "hardware_usage": {
    "initial_memory": {
      "ram_used_gb": 1.6684837341308594,
      "ram_percent": 10.4,
      "vram_used_gb": 0.6628279685974121,
      "vram_total_gb": 31.7325439453125,
      "vram_percent": 2.0887955587163836
    },
    "final_memory": {
      "ram_used_gb": 2.0532188415527344,
      "ram_percent": 12.4,
      "vram_used_gb": 0.6787033081054688,
      "vram_total_gb": 31.7325439453125,
      "vram_percent": 2.1388241335933804
    }
  },
  "results": {
    "mbert": {
      "macro_f1": 0.7169909078920815,
      "avg_eval_loss": 0.6146097109281927,
      "perplexity": 1.848934839657586
    }
  }
}