{
  "configuration": {
    "model": "mbert",
    "dataset": "ajgt",
    "epochs": 200,
    "patience": 10,
    "batch_size": 64,
    "learning_rate": 2e-05,
    "max_sequence_length": 512,
    "freeze_layers": true
  },
  "hardware_usage": {
    "initial_memory": {
      "ram_used_gb": 0.8873519897460938,
      "ram_percent": 9.3,
      "vram_used_gb": 0.6628279685974121,
      "vram_total_gb": 31.7325439453125,
      "vram_percent": 2.0887955587163836
    },
    "final_memory": {
      "ram_used_gb": 1.2309074401855469,
      "ram_percent": 10.2,
      "vram_used_gb": 0.6787033081054688,
      "vram_total_gb": 31.7325439453125,
      "vram_percent": 2.1388241335933804
    }
  },
  "results": {
    "mbert": {
      "macro_f1": 0.6154524211454184,
      "avg_eval_loss": 0.6728179256121317,
      "perplexity": 1.959751982337978
    }
  }
}