{
  "configuration": {
    "model": "arabert",
    "dataset": "labr",
    "epochs": 200,
    "patience": 10,
    "batch_size": 64,
    "learning_rate": 2e-05,
    "max_sequence_length": 512,
    "freeze_layers": true
  },
  "hardware_usage": {
    "initial_memory": {
      "ram_used_gb": 1.2741889953613281,
      "ram_percent": 10.9,
      "vram_used_gb": 0.5046248435974121,
      "vram_total_gb": 31.7325439453125,
      "vram_percent": 1.5902438974545396
    },
    "final_memory": {
      "ram_used_gb": 1.6540985107421875,
      "ram_percent": 11.1,
      "vram_used_gb": 0.5205001831054688,
      "vram_total_gb": 31.7325439453125,
      "vram_percent": 1.640272472331537
    }
  },
  "results": {
    "arabert": {
      "macro_f1": 0.4554714163822526,
      "avg_eval_loss": 0.4442362667992711,
      "perplexity": 1.5592988526527753
    }
  }
}